{
    "means_for_scaling": {
        "SK_ID_CURR": 278180.51857657125,
        "CNT_CHILDREN": 0.4170517477423572,
        "AMT_INCOME_TOTAL": 168797.9192969845,
        "AMT_CREDIT": 599025.9997057016,
        "AMT_ANNUITY": 24903.0,
        "AMT_GOODS_PRICE": 450000.0,
        "REGION_POPULATION_RELATIVE": 0.020868112057780046,
        "DAYS_BIRTH": -16036.995066843137,
        "DAYS_EMPLOYED": 63815.04590404896,
        "DAYS_REGISTRATION": -4986.120327538418,
        "DAYS_ID_PUBLISH": -2994.2023732484367,
        "OWN_CAR_AGE": 9.0,
        "FLAG_MOBIL": 0.9999967480838083,
        "FLAG_EMP_PHONE": 0.8198893698111612,
        "FLAG_WORK_PHONE": 0.1993684778755882,
        "FLAG_CONT_MOBILE": 0.9981334001060125,
        "FLAG_PHONE": 0.28106636835755466,
        "FLAG_EMAIL": 0.0567199222141647,
        "CNT_FAM_MEMBERS": 2.0,
        "REGION_RATING_CLIENT": 2.0524631639193394,
        "REGION_RATING_CLIENT_W_CITY": 2.031520823645333,
        "HOUR_APPR_PROCESS_START": 12.063418869568894,
        "REG_REGION_NOT_LIVE_REGION": 0.015144173704355291,
        "REG_REGION_NOT_WORK_REGION": 0.05076891558350758,
        "LIVE_REGION_NOT_WORK_REGION": 0.04065870814377372,
        "REG_CITY_NOT_LIVE_CITY": 0.07817281333025486,
        "REG_CITY_NOT_WORK_CITY": 0.23045354475124466,
        "LIVE_CITY_NOT_WORK_CITY": 0.17955455252007246,
        "EXT_SOURCE_1": 0.5059979305057544,
        "EXT_SOURCE_2": 0.5659614260608528,
        "EXT_SOURCE_3": 0.5352762504724825,
        "APARTMENTS_AVG": 0.0876,
        "BASEMENTAREA_AVG": 0.07629999999999999,
        "YEARS_BEGINEXPLUATATION_AVG": 0.9816000000000001,
        "YEARS_BUILD_AVG": 0.7552,
        "COMMONAREA_AVG": 0.0211,
        "ELEVATORS_AVG": 0.0,
        "ENTRANCES_AVG": 0.13789999999999997,
        "FLOORSMAX_AVG": 0.16670000000000001,
        "FLOORSMIN_AVG": 0.20829999999999999,
        "LANDAREA_AVG": 0.0481,
        "LIVINGAPARTMENTS_AVG": 0.0756,
        "LIVINGAREA_AVG": 0.07449999999999998,
        "NONLIVINGAPARTMENTS_AVG": 0.0,
        "NONLIVINGAREA_AVG": 0.0035999999999999995,
        "APARTMENTS_MODE": 0.084,
        "BASEMENTAREA_MODE": 0.07460000000000001,
        "YEARS_BEGINEXPLUATATION_MODE": 0.9816000000000001,
        "YEARS_BUILD_MODE": 0.7648,
        "COMMONAREA_MODE": 0.018999999999999996,
        "ELEVATORS_MODE": 0.0,
        "ENTRANCES_MODE": 0.13789999999999997,
        "FLOORSMAX_MODE": 0.16670000000000001,
        "FLOORSMIN_MODE": 0.20829999999999999,
        "LANDAREA_MODE": 0.045799999999999993,
        "LIVINGAPARTMENTS_MODE": 0.07710000000000002,
        "LIVINGAREA_MODE": 0.0731,
        "NONLIVINGAPARTMENTS_MODE": 0.0,
        "NONLIVINGAREA_MODE": 0.0010999999999999998,
        "APARTMENTS_MEDI": 0.0864,
        "BASEMENTAREA_MEDI": 0.0758,
        "YEARS_BEGINEXPLUATATION_MEDI": 0.9816000000000001,
        "YEARS_BUILD_MEDI": 0.7584999999999998,
        "COMMONAREA_MEDI": 0.020800000000000003,
        "ELEVATORS_MEDI": 0.0,
        "ENTRANCES_MEDI": 0.13789999999999997,
        "FLOORSMAX_MEDI": 0.16670000000000001,
        "FLOORSMIN_MEDI": 0.20829999999999999,
        "LANDAREA_MEDI": 0.04869999999999999,
        "LIVINGAPARTMENTS_MEDI": 0.07609999999999999,
        "LIVINGAREA_MEDI": 0.0749,
        "NONLIVINGAPARTMENTS_MEDI": 0.0,
        "NONLIVINGAREA_MEDI": 0.0030999999999999995,
        "TOTALAREA_MODE": 0.0688,
        "OBS_30_CNT_SOCIAL_CIRCLE": 0.0,
        "DEF_30_CNT_SOCIAL_CIRCLE": 0.0,
        "OBS_60_CNT_SOCIAL_CIRCLE": 0.0,
        "DEF_60_CNT_SOCIAL_CIRCLE": 0.0,
        "DAYS_LAST_PHONE_CHANGE": -757.0,
        "FLAG_DOCUMENT_2": 4.2274910491006824e-05,
        "FLAG_DOCUMENT_3": 0.7100233812774177,
        "FLAG_DOCUMENT_4": 8.129790479039775e-05,
        "FLAG_DOCUMENT_5": 0.015114906458630749,
        "FLAG_DOCUMENT_6": 0.0880553866365756,
        "FLAG_DOCUMENT_7": 0.00019186305530533867,
        "FLAG_DOCUMENT_8": 0.08137595077899652,
        "FLAG_DOCUMENT_9": 0.00389579559755586,
        "FLAG_DOCUMENT_10": 2.276341334131137e-05,
        "FLAG_DOCUMENT_11": 0.003912055178513939,
        "FLAG_DOCUMENT_12": 6.503832383231819e-06,
        "FLAG_DOCUMENT_13": 0.003525077151711646,
        "FLAG_DOCUMENT_14": 0.0029364803210291664,
        "FLAG_DOCUMENT_15": 0.0012097128232811183,
        "FLAG_DOCUMENT_16": 0.009928100133003373,
        "FLAG_DOCUMENT_17": 0.0002666571277125046,
        "FLAG_DOCUMENT_18": 0.008129790479039774,
        "FLAG_DOCUMENT_19": 0.0005951006630657115,
        "FLAG_DOCUMENT_20": 0.0005072989258920819,
        "FLAG_DOCUMENT_21": 0.0003349473677364387,
        "AMT_REQ_CREDIT_BUREAU_HOUR": 0.0,
        "AMT_REQ_CREDIT_BUREAU_DAY": 0.0,
        "AMT_REQ_CREDIT_BUREAU_WEEK": 0.0,
        "AMT_REQ_CREDIT_BUREAU_MON": 0.0,
        "AMT_REQ_CREDIT_BUREAU_QRT": 0.0,
        "AMT_REQ_CREDIT_BUREAU_YEAR": 1.0
    },
    "stds_for_scaling": {
        "SK_ID_CURR": 102790.17634842457,
        "CNT_CHILDREN": 0.7231213844376252,
        "AMT_INCOME_TOTAL": 237123.14727885622,
        "AMT_CREDIT": 402490.7779958549,
        "AMT_ANNUITY": 0.001,
        "AMT_GOODS_PRICE": 0.001,
        "REGION_POPULATION_RELATIVE": 0.0148312801227047,
        "DAYS_BIRTH": 4363.98963178556,
        "DAYS_EMPLOYED": 141275.76751872723,
        "DAYS_REGISTRATION": 3522.8873209630715,
        "DAYS_ID_PUBLISH": 1509.4514190030234,
        "OWN_CAR_AGE": 0.001,
        "FLAG_MOBIL": 0.002803307015351493,
        "FLAG_EMP_PHONE": 0.38528019893876436,
        "FLAG_WORK_PHONE": 0.4005262281502265,
        "FLAG_CONT_MOBILE": 0.04416389414243238,
        "FLAG_PHONE": 0.45052054685675835,
        "FLAG_EMAIL": 0.23230703972270758,
        "CNT_FAM_MEMBERS": 0.001,
        "REGION_RATING_CLIENT": 0.5100339028156798,
        "REGION_RATING_CLIENT_W_CITY": 0.5037370329147687,
        "HOUR_APPR_PROCESS_START": 3.2668322554378704,
        "REG_REGION_NOT_LIVE_REGION": 0.12312647628215206,
        "REG_REGION_NOT_WORK_REGION": 0.22052582879696064,
        "LIVE_REGION_NOT_WORK_REGION": 0.19849861882842365,
        "REG_CITY_NOT_LIVE_CITY": 0.2694437723734045,
        "REG_CITY_NOT_WORK_CITY": 0.42212383591389724,
        "LIVE_CITY_NOT_WORK_CITY": 0.38481661538559586,
        "EXT_SOURCE_1": 0.001,
        "EXT_SOURCE_2": 0.001000000000000111,
        "EXT_SOURCE_3": 0.001000000000000111,
        "APARTMENTS_AVG": 0.001,
        "BASEMENTAREA_AVG": 0.001000000000000014,
        "YEARS_BEGINEXPLUATATION_AVG": 0.001000000000000111,
        "YEARS_BUILD_AVG": 0.001,
        "COMMONAREA_AVG": 0.001,
        "ELEVATORS_AVG": 0.001,
        "ENTRANCES_AVG": 0.0010000000000000278,
        "FLOORSMAX_AVG": 0.0010000000000000278,
        "FLOORSMIN_AVG": 0.0010000000000000278,
        "LANDAREA_AVG": 0.001,
        "LIVINGAPARTMENTS_AVG": 0.001,
        "LIVINGAREA_AVG": 0.001000000000000014,
        "NONLIVINGAPARTMENTS_AVG": 0.001,
        "NONLIVINGAREA_AVG": 0.0010000000000000005,
        "APARTMENTS_MODE": 0.001,
        "BASEMENTAREA_MODE": 0.001000000000000014,
        "YEARS_BEGINEXPLUATATION_MODE": 0.001000000000000111,
        "YEARS_BUILD_MODE": 0.001,
        "COMMONAREA_MODE": 0.0010000000000000035,
        "ELEVATORS_MODE": 0.001,
        "ENTRANCES_MODE": 0.0010000000000000278,
        "FLOORSMAX_MODE": 0.0010000000000000278,
        "FLOORSMIN_MODE": 0.0010000000000000278,
        "LANDAREA_MODE": 0.001000000000000007,
        "LIVINGAPARTMENTS_MODE": 0.001000000000000014,
        "LIVINGAREA_MODE": 0.001,
        "NONLIVINGAPARTMENTS_MODE": 0.001,
        "NONLIVINGAREA_MODE": 0.0010000000000000002,
        "APARTMENTS_MEDI": 0.001,
        "BASEMENTAREA_MEDI": 0.001,
        "YEARS_BEGINEXPLUATATION_MEDI": 0.001000000000000111,
        "YEARS_BUILD_MEDI": 0.001000000000000111,
        "COMMONAREA_MEDI": 0.0010000000000000035,
        "ELEVATORS_MEDI": 0.001,
        "ENTRANCES_MEDI": 0.0010000000000000278,
        "FLOORSMAX_MEDI": 0.0010000000000000278,
        "FLOORSMIN_MEDI": 0.0010000000000000278,